Entity,Code,Year,"Homicide rate per 100,000 population",World region according to OWID,"Homicide rate per 100,000 population (Original Year)"
Afghanistan,AFG,2024,4.0324583,,2021
Albania,ALB,2024,1.7551677,Europe,
Algeria,DZA,2024,1.1610724,,2023
Andorra,AND,2024,2.5846472,,2020
Antigua and Barbuda,ATG,2024,10.716333,,2023
Argentina,ARG,2024,4.4929113,,2023
Armenia,ARM,2024,2.2083356,,2023
Australia,AUS,2024,0.85440606,,2023
Austria,AUT,2024,0.876191,,2023
Azerbaijan,AZE,2024,1.9929228,Asia,
Bahamas,BHS,2024,32.19814,,2022
Bahrain,BHR,2024,0.19563614,,2022
Barbados,BRB,2024,15.231051,,2022
Belarus,BLR,2024,2.3846316,,2019
Belgium,BEL,2024,1.0803015,,2021
Belize,BLZ,2024,28.058292,,2022
Bhutan,BTN,2024,2.4675133,,2020
Bolivia,BOL,2024,4.418433,,2023
Bosnia and Herzegovina,BIH,2024,1.2244617,,2023
Botswana,BWA,2024,11.368176,,2021
Brazil,BRA,2024,20.575377,,2023
Bulgaria,BGR,2024,1.0889074,,2023
Cameroon,CMR,2024,6.7600894,,2022
Canada,CAN,2024,1.9796889,,2023
Cape Verde,CPV,2024,6.994644,,2020
Chile,CHL,2024,6.348291,,2023
China,CHN,2024,0.5018561,,2020
Colombia,COL,2024,24.913443,,2023
Costa Rica,CRI,2024,17.74548,,2023
Croatia,HRV,2024,0.66734713,,2023
Cuba,CUB,2024,4.4631515,,2019
Cyprus,CYP,2024,0.9570879,Europe,
Czechia,CZE,2024,0.76782775,,2023
Denmark,DNK,2024,0.8405994,,2023
Dominica,DMA,2024,28.431835,,2022
Dominican Republic,DOM,2024,10.9166975,,2023
Ecuador,ECU,2024,45.722813,,2023
El Salvador,SLV,2024,7.897688,,2022
Estonia,EST,2024,1.5359905,,2023
Eswatini,SWZ,2024,12.514571,,2021
Fiji,FJI,2024,2.0559533,,2023
Finland,FIN,2024,0.98193496,,2023
France,FRA,2024,1.3478885,Europe,
French Guiana,GUF,2024,13.38809,,2020
Georgia,GEO,2024,2.028065,,2019
Germany,DEU,2024,0.9107228,,2023
Ghana,GHA,2024,1.8311177,,2022
Greece,GRC,2024,0.8396053,,2023
Grenada,GRD,2024,13.665752,,2023
Guatemala,GTM,2024,23.365726,,2023
Guyana,GUY,2024,19.120157,,2023
Haiti,HTI,2024,41.15181,,2023
Honduras,HND,2024,31.442432,,2023
Hungary,HUN,2024,0.722658,,2023
Iceland,ISL,2024,1.2901311,,2023
India,IND,2024,2.8153043,,2022
Indonesia,IDN,2024,0.30376875,,2022
Ireland,IRL,2024,0.6542702,,2023
Israel,ISR,2024,1.6258106,,2022
Italy,ITA,2024,0.56807244,,2023
Jamaica,JAM,2024,49.299488,,2023
Japan,JPN,2024,0.2291532,,2023
Jordan,JOR,2024,0.98783016,,2023
Kazakhstan,KAZ,2024,2.5505862,,2022
Kenya,KEN,2024,4.8716683,,2022
Kosovo,OWID_KOS,2024,1.8949775,,2021
Kuwait,KWT,2024,0.24999182,,2020
Latvia,LVA,2024,2.4968178,,2023
Lebanon,LBN,2024,2.24467,,2020
Liechtenstein,LIE,2024,5.122426,,2021
Lithuania,LTU,2024,2.6277995,,2023
Luxembourg,LUX,2024,1.5306611,,2022
Malaysia,MYS,2024,0.7344924,,2023
Maldives,MDV,2024,0.6150932,,2019
Malta,MLT,2024,0.5628983,,2023
Mauritania,MRT,2024,0.9999715,,2020
Mauritius,MUS,2024,2.2724967,,2022
Mexico,MEX,2024,24.858995,,2023
Micronesia (country),FSM,2024,0.9067663,,2019
Moldova,MDA,2024,2.5431437,,2023
Mongolia,MNG,2024,5.63941,Asia,
Montenegro,MNE,2024,0.7892012,,2023
Morocco,MAR,2024,1.6674905,Africa,
Myanmar,MMR,2024,2.5751011,,2023
Namibia,NAM,2024,11.207781,,2021
Nepal,NPL,2024,2.1300414,,2020
Netherlands,NLD,2024,0.69089305,,2023
New Zealand,NZL,2024,1.4614942,,2022
Nicaragua,NIC,2024,11.34732,,2021
Nigeria,NGA,2024,15.746681,,2023
North Macedonia,MKD,2024,1.5285499,,2023
Norway,NOR,2024,0.72474706,,2023
Oman,OMN,2024,0.13863392,,2023
Pakistan,PAK,2024,4.334871,,2023
Palestine,PSE,2024,0.622023,,2022
Panama,PAN,2024,12.469837,,2023
Paraguay,PRY,2024,6.779516,,2023
Peru,PER,2024,8.604808,,2021
Philippines,PHL,2024,4.3475914,,2023
Poland,POL,2024,0.8023147,,2023
Portugal,PRT,2024,0.71997195,,2022
Puerto Rico,PRI,2024,15.082295,North America,
Qatar,QAT,2024,0.06914541,,2022
Romania,ROU,2024,1.1201626,Europe,
Russia,RUS,2024,7.8214107,Europe,
Rwanda,RWA,2024,3.6124742,,2020
Saint Kitts and Nevis,KNA,2024,23.549812,,2022
Saint Lucia,LCA,2024,39.04409,,2023
Saint Vincent and the Grenadines,VCT,2024,41.15791,,2022
Saudi Arabia,SAU,2024,0.93525994,,2019
Serbia,SRB,2024,1.314002,,2023
Seychelles,SYC,2024,7.966699,,2022
Sierra Leone,SLE,2024,2.2243123,,2020
Singapore,SGP,2024,0.06909549,,2023
Slovakia,SVK,2024,1.1235844,,2023
Slovenia,SVN,2024,0.56646633,,2023
South Africa,ZAF,2024,43.720257,,2022
South Korea,KOR,2024,0.4773063,,2023
Spain,ESP,2024,0.690856,,2023
Sri Lanka,LKA,2024,3.3109403,,2019
Suriname,SUR,2024,6.5194645,,2023
Sweden,SWE,2024,1.146757,,2023
Switzerland,CHE,2024,0.59748197,,2023
Tajikistan,TJK,2024,0.8923708,,2020
Tanzania,TZA,2024,3.749213,,2020
Tonga,TON,2024,0.9463469,,2019
Trinidad and Tobago,TTO,2024,40.4433,,2022
Tunisia,TUN,2024,4.69348,,2020
Turkey,TUR,2024,3.2278948,,2023
Tuvalu,TUV,2024,0,,2019
Uganda,UGA,2024,8.973088,,2023
Ukraine,UKR,2024,3.7766397,,2021
United Arab Emirates,ARE,2024,0.6932181,,2022
United Kingdom,GBR,2024,1.1186842,,2021
United States,USA,2024,5.7634077,,2023
Uruguay,URY,2024,11.245305,,2023
Uzbekistan,UZB,2024,1.3987976,,2021
Vanuatu,VUT,2024,0.3346065,,2020
Venezuela,VEN,2024,12.646645,,2022
Zimbabwe,ZWE,2024,6.7583313,,2022